system,setting,val EM,val F1,test EM,test F1,note
Rule-based reader,oracle passage,0.000,0.105,0.003,0.093,Part 2
Rule-based reader,BM25 top-1,0.000,0.071,0.003,0.068,Part 2
Zero-shot XLM-R-base-SQuAD2,oracle passage,0.309,0.446,0.343,0.492,Part 2
Zero-shot XLM-R-base-SQuAD2,BM25 top-1,0.167,0.272,0.170,0.263,Part 2
"Zero-shot reader, top-k passages","BM25 top-3, choose by span score",0.221,0.321,0.221,0.326,E1
"Zero-shot reader, top-k passages","BM25 top-3, choose by margin",0.224,0.326,0.218,0.326,E1
"Zero-shot reader, top-k passages","BM25 top-5, choose by span score",0.233,0.342,0.221,0.338,E1
"Zero-shot reader, top-k passages","BM25 top-5, choose by margin",0.233,0.344,0.215,0.330,E1
Head-only fine-tuned (frozen encoder),oracle passage,,0.498,0.399,0.533,"E3, lr 0.001, mean of 3 seeds (test F1 std 0.0007)"
BiGRU + attention (trained from scratch),oracle passage,0.140,0.237,0.133,0.236,"E5, mean of 3 seed(s), test F1 std 0.0563"
BiLSTM + attention (trained from scratch),oracle passage,0.144,0.227,0.123,0.222,"E5, mean of 3 seed(s), test F1 std 0.0675"
"Transformer encoder (2 layers, 4 heads) (trained from scratch)",oracle passage,0.031,0.100,0.016,0.090,"E5, mean of 3 seed(s), test F1 std 0.0089"
DEPLOYED: BiGRU + attention (seed 43),oracle passage,0.179,0.294,0.179,0.299,"E6, best single run by validation F1"
DEPLOYED: BiGRU + attention (seed 43),BM25 top-1,0.088,0.188,0.078,0.171,"E6, what the web app runs"
Full fine-tune afroxlmr_lr3e-05_s42,oracle passage,0.327,0.438,0.358,0.483,"E4, 4 epochs, lr 3e-05, seed 42"
Full fine-tune afroxlmr_lr3e-05_s42,BM25 top-1,0.191,0.277,0.185,0.264,E4
Full fine-tune xlmr_base_lr3e-05_s42,oracle passage,0.303,0.402,0.328,0.452,"E4, 4 epochs, lr 3e-05, seed 42"
Full fine-tune xlmr_base_lr3e-05_s42,BM25 top-1,0.182,0.250,0.167,0.259,E4
Full fine-tune xlmr_squad2_lr1e-05_s42,oracle passage,0.470,0.604,0.492,0.634,"E4, 4 epochs, lr 1e-05, seed 42"
Full fine-tune xlmr_squad2_lr1e-05_s42,BM25 top-1,0.258,0.366,0.236,0.338,E4
Full fine-tune xlmr_squad2_lr2e-05_s42,oracle passage,0.473,0.619,0.540,0.672,"E4, 4 epochs, lr 2e-05, seed 42"
Full fine-tune xlmr_squad2_lr2e-05_s42,BM25 top-1,0.261,0.380,0.260,0.356,E4
Full fine-tune xlmr_squad2_lr2e-05_s43,oracle passage,0.512,0.647,0.534,0.673,"E4, 4 epochs, lr 2e-05, seed 43"
Full fine-tune xlmr_squad2_lr2e-05_s43,BM25 top-1,0.279,0.382,0.254,0.355,E4
Full fine-tune xlmr_squad2_lr2e-05_s44,oracle passage,0.500,0.632,0.534,0.661,"E4, 4 epochs, lr 2e-05, seed 44"
Full fine-tune xlmr_squad2_lr2e-05_s44,BM25 top-1,0.261,0.373,0.254,0.350,E4
Full fine-tune xlmr_squad2_lr4e-05_s42,oracle passage,0.506,0.638,0.558,0.676,"E4, 4 epochs, lr 4e-05, seed 42"
Full fine-tune xlmr_squad2_lr4e-05_s42,BM25 top-1,0.288,0.398,0.269,0.362,E4
